{"errors":[],"warnings":[],"namedChunkGroups":{"app":{"chunks":[12,2],"assets":["webpack-runtime-f979f3e91730c059674e.js","webpack-runtime-f979f3e91730c059674e.js.map","app-1bdb0a32303d3e41ee71.js","app-1bdb0a32303d3e41ee71.js.map"],"children":{},"childAssets":{}},"component---src-templates-resource-js":{"chunks":[1,0,10],"assets":["1-7946a4fd002dca901b43.js","1-7946a4fd002dca901b43.js.map","0.95756566509dcd379e51.css","0-45713d2b46cec6dc360e.js","0-45713d2b46cec6dc360e.js.map","component---src-templates-resource-js.768166608abd24e8b3de.css","component---src-templates-resource-js-30c5ca5f9fb282a0b0db.js","component---src-templates-resource-js-30c5ca5f9fb282a0b0db.js.map"],"children":{},"childAssets":{}},"component---src-pages-404-js":{"chunks":[1,0,3],"assets":["1-7946a4fd002dca901b43.js","1-7946a4fd002dca901b43.js.map","0.95756566509dcd379e51.css","0-45713d2b46cec6dc360e.js","0-45713d2b46cec6dc360e.js.map","component---src-pages-404-js.706943a0fe33b188a088.css","component---src-pages-404-js-ef9a16bc1e9b47b796f5.js","component---src-pages-404-js-ef9a16bc1e9b47b796f5.js.map"],"children":{},"childAssets":{}},"component---src-pages-index-js":{"chunks":[1,0,4],"assets":["1-7946a4fd002dca901b43.js","1-7946a4fd002dca901b43.js.map","0.95756566509dcd379e51.css","0-45713d2b46cec6dc360e.js","0-45713d2b46cec6dc360e.js.map","component---src-pages-index-js.a8c82a14988155828e6a.css","component---src-pages-index-js-a4b4d86edb35a57a2f3b.js","component---src-pages-index-js-a4b4d86edb35a57a2f3b.js.map"],"children":{},"childAssets":{}},"component---src-pages-pricing-js":{"chunks":[1,0,5],"assets":["1-7946a4fd002dca901b43.js","1-7946a4fd002dca901b43.js.map","0.95756566509dcd379e51.css","0-45713d2b46cec6dc360e.js","0-45713d2b46cec6dc360e.js.map","component---src-pages-pricing-js.faa9f1d186a6b00f5f8d.css","component---src-pages-pricing-js-ce18ab3026a014c93ca7.js","component---src-pages-pricing-js-ce18ab3026a014c93ca7.js.map"],"children":{},"childAssets":{}},"component---src-pages-privacy-js":{"chunks":[1,0,6],"assets":["1-7946a4fd002dca901b43.js","1-7946a4fd002dca901b43.js.map","0.95756566509dcd379e51.css","0-45713d2b46cec6dc360e.js","0-45713d2b46cec6dc360e.js.map","component---src-pages-privacy-js.140ffb37412412b63646.css","component---src-pages-privacy-js-afc4142bdb9b4071ff95.js","component---src-pages-privacy-js-afc4142bdb9b4071ff95.js.map"],"children":{},"childAssets":{}},"component---src-pages-resources-js":{"chunks":[1,0,7],"assets":["1-7946a4fd002dca901b43.js","1-7946a4fd002dca901b43.js.map","0.95756566509dcd379e51.css","0-45713d2b46cec6dc360e.js","0-45713d2b46cec6dc360e.js.map","component---src-pages-resources-js.19a3d97e5f0d31511c2a.css","component---src-pages-resources-js-affd1271664793266d90.js","component---src-pages-resources-js-affd1271664793266d90.js.map"],"children":{},"childAssets":{}},"component---src-pages-terms-and-conditions-js":{"chunks":[1,0,8],"assets":["1-7946a4fd002dca901b43.js","1-7946a4fd002dca901b43.js.map","0.95756566509dcd379e51.css","0-45713d2b46cec6dc360e.js","0-45713d2b46cec6dc360e.js.map","component---src-pages-terms-and-conditions-js.140ffb37412412b63646.css","component---src-pages-terms-and-conditions-js-75691f7ab4bbf63e91ea.js","component---src-pages-terms-and-conditions-js-75691f7ab4bbf63e91ea.js.map"],"children":{},"childAssets":{}},"component---src-pages-thanks-js":{"chunks":[1,0,9],"assets":["1-7946a4fd002dca901b43.js","1-7946a4fd002dca901b43.js.map","0.95756566509dcd379e51.css","0-45713d2b46cec6dc360e.js","0-45713d2b46cec6dc360e.js.map","component---src-pages-thanks-js-b0e2999f76a6bffc838e.js","component---src-pages-thanks-js-b0e2999f76a6bffc838e.js.map"],"children":{},"childAssets":{}},"pages-manifest":{"chunks":[11],"assets":["pages-manifest-89db88af96a1d0339913.js","pages-manifest-89db88af96a1d0339913.js.map"],"children":{},"childAssets":{}}},"assetsByChunkName":{"app":["webpack-runtime-f979f3e91730c059674e.js","app-1bdb0a32303d3e41ee71.js"],"component---src-templates-resource-js":["1-7946a4fd002dca901b43.js","0.95756566509dcd379e51.css","0-45713d2b46cec6dc360e.js","component---src-templates-resource-js.768166608abd24e8b3de.css","component---src-templates-resource-js-30c5ca5f9fb282a0b0db.js"],"component---src-pages-404-js":["1-7946a4fd002dca901b43.js","0.95756566509dcd379e51.css","0-45713d2b46cec6dc360e.js","component---src-pages-404-js.706943a0fe33b188a088.css","component---src-pages-404-js-ef9a16bc1e9b47b796f5.js"],"component---src-pages-index-js":["1-7946a4fd002dca901b43.js","0.95756566509dcd379e51.css","0-45713d2b46cec6dc360e.js","component---src-pages-index-js.a8c82a14988155828e6a.css","component---src-pages-index-js-a4b4d86edb35a57a2f3b.js"],"component---src-pages-pricing-js":["1-7946a4fd002dca901b43.js","0.95756566509dcd379e51.css","0-45713d2b46cec6dc360e.js","component---src-pages-pricing-js.faa9f1d186a6b00f5f8d.css","component---src-pages-pricing-js-ce18ab3026a014c93ca7.js"],"component---src-pages-privacy-js":["1-7946a4fd002dca901b43.js","0.95756566509dcd379e51.css","0-45713d2b46cec6dc360e.js","component---src-pages-privacy-js.140ffb37412412b63646.css","component---src-pages-privacy-js-afc4142bdb9b4071ff95.js"],"component---src-pages-resources-js":["1-7946a4fd002dca901b43.js","0.95756566509dcd379e51.css","0-45713d2b46cec6dc360e.js","component---src-pages-resources-js.19a3d97e5f0d31511c2a.css","component---src-pages-resources-js-affd1271664793266d90.js"],"component---src-pages-terms-and-conditions-js":["1-7946a4fd002dca901b43.js","0.95756566509dcd379e51.css","0-45713d2b46cec6dc360e.js","component---src-pages-terms-and-conditions-js.140ffb37412412b63646.css","component---src-pages-terms-and-conditions-js-75691f7ab4bbf63e91ea.js"],"component---src-pages-thanks-js":["1-7946a4fd002dca901b43.js","0.95756566509dcd379e51.css","0-45713d2b46cec6dc360e.js","component---src-pages-thanks-js-b0e2999f76a6bffc838e.js"],"pages-manifest":["pages-manifest-89db88af96a1d0339913.js"]}}